k,RSR Time (s),RSR PP (s)
5,0.2874398259446025,0.3481759699061513
6,0.2812462830916047,0.341766697820276
7,0.31230085622519255,0.3771769842132926
8,0.4048427860252559,0.46423795726150274
9,0.5855956939049065,0.6364762289449573
10,0.9472191990353167,0.981107210740447
11,1.6019293828867376,1.4366347612813115
12,2.63539451174438,2.445718413218856
13,4.589251458179206,4.331509756855667
14,8.408192892558873,8.014537129085511
15,28.099006708711386,14.789459214080125
