Vector Length,Naive Time (s),RSR Time (s),Speedup (RSR/Naive)
2048,0.032729884376749396,0.048415986075997355,0.6760139992888737
4096,0.18173629720695317,0.15408955416642128,1.179419969056907
8192,0.9049822930246592,0.5324410032480955,1.699685575498352
16384,4.8646333906799555,1.8815187439322472,2.5854822899681564
32768,20.5366936000064,6.761275799944997,3.0373991843630264
