Vector Length,Naive Time (s),RSR Time (s),Speedup (RSR/Naive)
2048,0.032812393736094236,0.023894366482272743,1.373227189782905
4096,0.18175555779598654,0.0766447028145194,2.3714040386566047
8192,0.9173742309212685,0.267688374966383,3.42702304885849
16384,4.861608341801912,0.9523173170164227,5.105029862350044
32768,22.366773711983114,3.3790056062862277,6.619336076380714
