Vector Length,Naive Time (s),RSR Time (s),RSR PP (s)
2048,0.04296159744262695,0.025255918502807617,0.03391528129577637
4096,0.19073104858398438,0.0796053409576416,0.09401297569274902
8192,0.9087083339691162,0.27219295501708984,0.2977173328399658
16384,4.898410320281982,3.7875139713287354,1.0672125816345215
32768,21.24398422241211,13.185709953308105,3.0779330730438232
65536,61.45208287239075,48.17261719703674,11.000455141067505
