Vector Length,Naive Time (s),RSR Time (s),RSR PP (s)
2048,0.034587686881422997,0.013843201091513038,0.021331437304615973
4096,0.18454047814011573,0.03435634602792561,0.044856495689600706
8192,0.9227773449383676,0.08966268613003195,0.10954902810044587
16384,4.977757873013616,0.28243750985711813,0.303098663687706
32768,20.589929002337158,0.9500858820974827,0.9814114184118807
65536,60.940704595763236,3.651012864895165,3.5551395737566054
