RSR,Standard,log_n
0.00010707828029823888,0.00030692369928583504,11
0.0002879196681564541,0.0007248681496279979,12
0.0011913001485684487,0.0019314375074380742,13
0.004628119470884226,0.007097055941146599,14
