n,standard,rsr,rsrpp
2048,0.020930282212793826,0.0272680283524096,0.037985778879374266
4096,0.181906661298126,0.06781018469482661,0.09215511046350003
8192,0.7270930521190166,0.17507948661223055,0.33358889911323786
16384,4.187284532003105,0.5640881741419435,0.8058926602825522
32768,22.714221491478384,1.7807638812810183,2.7078926861286163
65536,63.19374816786935,7.05569562714,9.795391471712435
