n,standard,rsr,rsrpp
2048,0.02267635827884078,0.013405068404972553,0.019046674417331814
4096,0.14651130912825466,0.033452569413930176,0.04691420327872038
8192,0.922117430716753,0.08883707039058208,0.16622446309775113
16384,4.902222827076912,0.28524097707122564,0.4014540947973728
32768,22.480074926279485,0.9362948564812541,1.3696303246542811
65536,62.99158167093992,3.5312429135665298,4.888145960867405
